image_id,text
MatAn-Apr03-01,возрастает возле Формула Стирлинга в Ом 1-ви п Стирлинга: Формула Подставим ФлаЭйлера-Маккорена
MatAn-Apr03-02,"1-то(1) Ищем С. Знаем, что"
MatAn-Apr03-03,"Мопсио считать, Берем Скугай 2 Существ. переменной Схуай Существ. Я Теорема ПВ тогда суще Существ. Г-эв- проверин ССА) Тогда возьмем В что С-в возьмем Кр Мопсио считать, считать, что С-во"
MatAn-Apr03-04,Ях прид-х Д-во: ОС С Иррациональность Н) - 2 2 . Если Н; ---- -2)
MatAn-Apr03-05,"Ротивор Теорема ационально, Миррациональной 5. Существо Ламберт"
MatAn-Apr03-06,"К-компакт по крыв подходит Возьмем ае к каким-то эх-л Выберем подпокрытие Тогда существ. Эх-лл что П Д-во, И. конечное покрытия покрытие Проверим, Рассм . Нае К шар Эх-ли покрытия Рассм. хе"
MatAn-Apr03-07,противор откр Почти Поткр покрытие противного конечное Теорем не пусто 772 Кл подиокр. пересечение (Х1 К) ф их коняшое -) К Кх-За Извлечем компа
MatAn-Apr03-08,"РФА пересеч К -вполне Назовем это покрытия это пересеч Н биодиокр. метрич УЕБА б"", лишь какой-то бл - пр Ив К-компакт А 2 Назове Назовем Возьмеш противного Возьмем .Е, конечная бз - Колешая И., у Ограничено, Аз И. покрыв. лишь Георем беск. как-вош покрыв. кошшого Пусть Конечная Возьмем"
MatAn-Apr03-09,"все не покрыв, Возьмем (х, Ук) 41 Ик. щесть. Есть Ап-1 больших п последовать покрыв. Тогда при покрыто Кошчмым -) (0 СА-но, Су ФулдаМ если каким-то Кол-ван Их И."
MatAn-Apr03-10,"правиосильи вопр Георема Следствие Ограничено полное 2) К- Секвен вполне Сир-ва 1) Компакт 3) К-вполие -полное ше ар. 38 У. Компакт След усл коми полиота огранич. пограничено, и Замкнуто пр Д-во: Под ) К-Кошиакт Следствие 1. - - - пр-во полного ) К-компакт Секвен полио Комиакт равио правилось полного равнос шетр пр-во, СХЕДствие ограничено Хау с дорф а К-компакт К- вполне метрич"
MatAn-Dec04-01,"Домножим По ф-ле с остатком в Пусть т. . . т- противного в форме Теорема противоречие Тейлора т,пелв . Е - 5(х)-ехр х на п! иррациональной т. - т. п.1), Д-во: От Лаграижа"
MatAn-Dec04-02,"точка (хо-б, Х6-б) Пка, в) минимума, если существ бДО, т.ч. лок. макс, если Хо локального мин Я(Хо) 2 Ях) Лка,в) (х6-б,хо-б) Л (9,в) существ Окр существ Нхе существ минимума, если Хоека,в) Я: Ка,в)-э РК экстремума) б 4 существ. локального Хотыка строгого максимума, если бэо, т.г. бЭО, т.ч. если хо точка локального Функций Экстремумы строгого"
MatAn-Dec04-03,"(Схэ-б, Хэб) Хо точка лок %)-0 не ЭИФФ Пусть для которой Ф-Я неверно Строго в которой Теорема Обратное экстремума) (необходимое Замечания определ мов. условие Эифф Я (х) - 1х1 дифф. ба:ка,в)-эк Возьмем принимает Т.Ферман Экстремуш минимума Экстремума, возраст может быть Если быть Значение Я Экстремумов ХЗ строго Ях)- х бло из наиб. Пусть )"
MatAn-Dec04-04,"Рассм возраст Залиганш Пояснение Экстремума Строго возраст ийп экстремума произв.) Д-во: 1. Если б (хо-б)Хо? на нем б условия, Теорема убывает (достаточные Ск-но, Хо С Гхо, Хотб) точка строгого Зиак в ) Мири Х Ейдхоб) Хо Е(а, в) Строго 1. 1-й Ск-но ГЭО на Хо и Дифф к На нем б Я терминах Э 2. Если Я Я С О И. возраст Рассм Строго Экстремул строгого Залиганшо строго возраст не меняет лок"
MatAn-Dec04-05,"(достат условия ) Е:39,в)-ЭВ Д-во: И-й произв., выраж Форме строк так дифф. в (-) Термшах в 1. Теорема Теорема лок ттк Пеаио в ()хэ блок тах Экстремулс условия экстремума 8""""(хъ)п1 20 Улок тах .) раз Элфо Сп) 2. Е дважды Терминах И-й Я:Са,в)-Як Напишем Тогда 2-й ироизв.) (до стат. Тейлора (п) Флу Экстремума 1."
MatAn-Dec04-06,"уч вниз, а выпуклая Ф-1 выкуклая Пример вверх Выпуклые функции Замечание вогнутая Я нер-во строго Ииогда выпуклыми строгий выпуклыми воогнутые выполняется вышуклая Лиогда назыв Ф-и Онр Зиак в нер-ве Ах,уе , если Выкуп , если Оир. Е Выиуклые 4х,уека, Э строго"
MatAn-Dec04-07,"нер-во Я выкуклая Э Оир т-е. Ис Усил определения Замечание , если муме нер-во ПереФор выполняется выполняется Н Н и с ш и, шек х,уека,в Г- Имули ровка (или Если б -выпуклая точек из Ка,в Если"
MatAn-Dec04-08,"если Нг А Нхуеха,в Я графика Англии Хебо,17, то их хордой, то две точки и через нер-во отрезок получим участком Оир (у, ХНи)7(1-1))Я(ш) Геом. смысл проходящей между Э Определения Геометрический параметриз прямой, взять любые (4,5(ы)) У- ЛИ-1(1-1)Ш А если (6,5(ш)) Коиуаши Концами. б.:ка,в)-ДК Соединить смысл выпуклая ) параметриз Если на графике выполняется нер-во"
MatAn-Dec04-09,Лента о хордах выкуклся трех равиосиль Д-во: Ф А для вынутости Каждое из Более Строгие вышуклости из трех нер-в (и.-л)(Э(4)-У-4) нер-во вымуклости справедливо Замечание Г (3) Сторону в обратную Угл. коэфф. база в)-эР простить как и Н Е) Для строгой
MatAn-Dec04-10,"Я1 (Хо) Замягание Ей т Тогда Существо Следствие. Если Исусхо и огр огр Неире, на отрезке К снизу существуют Д-во: Существов на (хо, в) сверху -д ) Теорема возрастает О Конячные возрастает на (а,х.) Существ нейрер на(а,в) выпукла выкукла первх и ХЕСА,в), то на(а,в) Есям А"
MatAn-Dec04-11,"в любой точке дифф графиком те. Касательная в любой Лежит под А Тогда пусть хсх. Нх,хое(а,в) выиукла Теорема 2: (а,6)-эР на (0, 6). ) пусть Д-во: -)"""
MatAn-Dec04-12,"на Ка,в) и строго вышукла выпукла Э Э. Ка, в) и Эважды выпуклости в Теорема дифф. на (а,в) Тогда нейрер ибн 5(4)-Н(и) Д-во строго дифф. па -) Е выпукла выпукла выкукла выпукла нейрере возрастает возрастает возраст: (и дальше (-) 8 1 Е) Е"" 20 где АЕ(уш) Эважды (и т-и -) Е Критерий 2. Е 5(с)-6) строго вышукла Л. О Э-х хордах). возраст -))"
MatAn-Dec11-01,вошута строго выпуклых 2п-1 пехо на при выиукла на (0) строго строго Строго Я строго или рсо Функций а 7 1 РСО возрастает строго выпукла рД1 то) -тх) или строго Р выпукла выпукла вошута Примеры
MatAn-Dec11-02,"одинаковых выкук Выкинем Йенсена Неравенство Если Е ненуревым Х. слаг, соотв. Левая и выпукла Будем части не изменятся миксы, соотв. Строгий Строго выпука (п.2) выку считать, что правая Тогда Если Е Строго 1Гереход Индукция опред соотв выпуклости"
MatAn-Dec11-03,"литерпретация Центр массы Я: Ка,в)-ЭК Т (хн, Я(ги)) Р точек выпукла Неравенство Йенсена Геометрическая (х9,8 (х,) С. ("
MatAn-Dec11-04,") геометрическое ариФметическое Среднее Среднее среднее Мр степенное гармоническое Д-ть, что Опр. Среднее среднее квадратическое порядка р-1 Упр"
MatAn-Dec11-05,"Если какое-то Можно считать, что Оихтвих2т-н вихи Тогда средних равенство О, а слева 20 Неравенство Справа выпуклая Строго Можно Надо Э-ть, что Йенсен"
MatAn-Dec11-06,"Замегание подставим в степень -Урч Об средними между Неравенство выпукла Строго Йемсеиа Стеренными (УГН-хуп) и возводим Равенство в перво р-д Пусть Подставил в степень Ур )"" и возводило Неравейство между"
MatAn-Dec11-07,Слугай Тогда возводим Р-т Хи Упр. и возводим в 20 Ионять возводим в степень Удко слугаем Слугай равейства Слугай р-9СО Чр-0 СМА степень Уф)
MatAn-Dec11-08,"Тогда (2 (х) пропорц 921 Вг,-,ви вк выкупа Замечание Неравенство Йейсеиа для 5.5 подберем строго Возьмем наборы Возьмем Я(х)-хР Равенство (- Гельдера (Ж) -нер-во"
MatAn-Dec11-09,"Аквк) смысл Геометр. Ак, вк 20 Неравенство Гельдер скал произвед н Гельдера возводим в Секек) векторов С. Коши-Буняковского произвед их Коши-Бу длин Геометр. смысл в квадрат Модуль Неравенство"
MatAn-Dec11-10,р Неравенство Минковского Г СКАСОК Следствие Гельдер
MatAn-Dec11-11,"Функций (а,в)-э АД все Е первообр л одной если ГТ И Ф-и Е Не всякая фя исчисление первообразную Первообразиая Пусть Е - между Значения бка, в 2-Д принимает все имеет 8 1. на всякая первообразную Замечание Теорема пер интеграл на промжутке неопределенной Ахека,в) Опр перемеикой вообразная имеет Неирерывная Д-М позже Функция Интегральное Функция Глава"
MatAn-Dec11-12,"Д-во первообразных Если Ф Яр первообразиая Г 2 . зеленным СЕР Тогда Залегание ГЕФ произв. во Для 2 . Опр. всех () скобочки СЕР Д) Г- з РФ Г., Г Ех) Ах от Ф-и Е Она имеет проверки проверить достаточно Теорема Е первообр. некотор нулевую Рассм Иштегралам первообр. Е Неопред. называется равенства"
MatAn-Dec11-13,"Д-во: 11. (Д. Таблица х"" Ах иииитегралов Д-ва: З. (Ом1х 4. Я -ачс-Уд х - Сэ 10. Я 12. 5"
MatAn-Dec11-14,"Функций Д-во: (Ом .: Ка,в) -Эк :ЛЕА, дев ч"
MatAn-Dec11-15,"первообр. (арифметические имеет НХ-1 В1 70 1 действия с ., хеж первообр 2. 2Г-первообр. первообр Пусть б и еСМА70, то Род имеет неоидед б, д:19, в.) (Иштегр.) Х Л первоф первообр первообр Теорема имеет дня К имеют"
MatAn-Dec11-16,"первообр (замеиа Теорема Я (а, в 7 Его: Ка,в)-эВ Я вадо понять, что неоцредекеииом имеет 5) Ф:ксА)-э (а,в) Эйфференц Следствие перемешиой в Е. Г., С-5(САХ-1В) Тогда С части делили нах"
MatAn-Dec11-17,"имеет первообр по частям) (Формула Иитегри Ед инеет Г Г д первообр для Эд первообр. Тогда Гд Н -первообр Теорема рования Проверим, что дифференцир"
MatAn-Dec27-01,к-5 (-х) К-36 отображ н лии отображ
MatAn-Dec27-02,но следующей уже нет неирерывны в:т произв. Неирерьевна Пример Сп-1 произв
MatAn-Dec27-03,"(х-х) Д -во: 5(п-1) Пусть Пеано Пишен 1 Строгого лок тах 5""(х) п. п-ничетно. Тейлора с в Форме Теорема (хъ) -0 д Зиака Ф-лу при Если П-негетно Экстремуша 2 . Если 1. П-четко стабилизм 1 Если Строгого Лок. тип По тюр. О стабилизм остатком Сх-хо) при эс-эхо Тогда и раз ПЭ2"
MatAn-Dec27-04,"Эшфф. в всех Ролль Надо С , лежащего равенство Надо Существ верно. равен между п-1 Тейлора д(п.)С Теорема (Формула между С , лежащая найдется х, выбору М. форме между д"" лея жд у Тогда с Лаграиж)"
MatAn-Dec27-05,"Строго Нер-во между степенными: Есть степень 49 20 слугай 0-р49. Степенное порядка средними Если рсф, р-во Йейсем Среднее слугай ПОЭставим Скугай выпуклая Ф-Я равеиство Йеиссла"
MatAn-Dec27-06,"снрай степень Уф случай р-029 Урсо Слугай подставим в ,9 нер-во"
MatAn-Dec27-07,"возрастает строго биекция возрастает З. Е. проверим, моиотоика Теорем 4 Непрерывиа во 5 - инъекция Надо Н. А. между Берем неирерьевис Неирерывиа отображ обратим с строго Строго З, строго Надо о-ть, что Тогда во всех( ). обратное противного КМ, М. профессора в строго молот в Э УЕСТ,М) и"
MatAn-Dec27-08,Существ йт возрастает д(4) Существует при Код Р Рассм. возрастает ограничена ограничена выкуклая Скизу вт Теорема Д-во 5
MatAn-Dec27-09,"Если б ненулевым Д-во: Выкшеем все Иксы, соотв. вышукла ГОСХ эстХгх21-4ХиДи)Л набор. Х, р База все нулевые (1-Хп-11)ЕСУ) выкупл Х, равиы строго и просеим Сштаен Переход выпукла Йенсена Неравенство"
MatAn-Dec27-10,"теор. Вейер во Тогда по Предположим, предположил Теорема Неирерывиа Рассм ф-ю Дарб между С найдется ЭИФФ Противор разных Зиаков Я(с) -наимецьшее Ях):-Ях)-Сх Вейерштрасса функции 8 (в)20 С лежит между Пусть для разных Зиаков. Тогда между найдется сета,в), Пусть Значение Д-во: для обергделячиости противор . С, лежащего разных на Га,в 7 Пусть"
MatAn-Feb04-1,Ойт Пример
MatAn-Feb04-2,"Лемма ""(3-х) - )--(х-2) (13-х) зве) х-в Хит-Х Е(В)-Е(к) 1 1 (Х-А)Св-х)Ах Д-во: 5(х)т Н,В) Тогда"
MatAn-Feb04-3,Как выглядит интегральная Сумма расст и трапеций равных Как выглядит 1 . Формула равных Рб 151-м Формула
MatAn-Feb04-4,Замечание. Если погрешности в Лента равноотстоящие до Тогда в Док-во: Формуле (оценка Теорема трапеций )
MatAn-Feb04-5,"Эйлера-Маклорена Е МО для второй Тогда (Я (к-1-1) производной) Лемма Ав АН, АЕ ннмируен Просу Теорема (формула 5 5 Пишем лямму для"
MatAn-Feb04-6,"х"" Ах Примеры"
MatAn-Feb04-7,"огранич Существ. Конягмый Гармонические числа Эйлера числа б-постоянная последоват Существ Ян Н, Ах что Ап огранич бх3(1-5х4) Ах - ви вч т Поймем, Ах Да."
MatAn-Feb12-01,"Одинаково при Следствие. Е, де Е, де С Д-во: б лд себя одинаково 2) 1 х близких 5-О(д) озиагает, некоторого нужно Следствие. расх-ся Нер-во Если С-д 1) означает, (д)и д-0(Р) можно Замешить Признак Замечание 1. Нер сравнения ведут сходится"
MatAn-Feb12-02,Пример- Замяганш. Если АДО не обязательно Т Лет Лх) -0
MatAn-Feb12-03,"Которые неидерывиости? Что делать, если Теорема ГЭС сх-ся абсолютио, то хэАх С. Замечание Б Замечание Бывают Наиример, Сходится означает, что Бывают точек, где нет несколько Бывают интегралы, сходится, если точек, Сходятся ЕССГ9,в). Если иштегралы, неирер Признак С в сх-ся сравнения,"
MatAn-Feb12-04,"Признак Проверим крижаку Гогранич. ДСтатошо имеет огранич Хотим Проверим погранич. Ф-я) дес-Га, т.о.) падо проверить, -Д Та,-00) Т.-к беск малая Е-огранич первообр. слугая, когда сходится сраву Тогда проверить, что моиотоииа следует Дирихле предел поэтому при Осталось Ях)д(х)овх"
MatAn-Feb12-05,"Сущ. и кошечеи условиян Э Р но на отрезке удовлетв Признак -то) локаяьио Д-во"". Гид Эд сходится Дирихле признака условию Дирихле ограничена о граничена огранич. Ф-Я имеет д Абеля неидерывися по Молот. иредея сохранились б, д СГА, то) моиотоина"
MatAn-Feb12-06,"Следствие 5 1 Т) д монотоша ограничена огранич. Ф-8, периодиша с д киризиаку д сходится Га, АНТЗ -), ограничена Д-во:1 Е периодом расх-ср раск-ся 2. Если 5 Г Дирихле т, д. периодична что Р ограничена -) при Проверим непрерывиа с периодом сравилия, расх-ся д!"
MatAn-Feb12-07,"ОАР-1 Слугай сразиаку Ах А что с абс.сх-тью? Слугай 5 Г2ПК-7"", ГПК-5ПЗ Пыпх1 Ах ДО Пример ПП -периодич период Рассм отрезок С период Схугай 5"
MatAn-Feb12-08,то Ах д(х)- бтх Р С сходств Дирихле Замегакш. В Е расх-ся Ах расх-ся Ах моиот до нельзя признаках
MatAn-Feb12-09,"метрика в Метрических Опр 1 ир-во 8,1. расст на ка О Анализ (расстояние) 3) нер-во метрическое расст-на плоскости треугольник Дискретиая Глава простраиствах метрика ( пространства Метрические метрика леитя) Примеры"
MatAn-Feb12-10,"%3 5. 4. Награды которых случай Частный слугай метрика разрядов, Чт ЕГФА треугольщика -1 В-6, вг ---в рожная метрика с д Частный Д Хенхинга Мапхэттеиская 6. Французская железидо нер-во Метрика Мишковского различаются"
MatAn-Feb12-11,"г с (а) ир- ГЭ Д-во: Возьмом 2. Если пусть радиуса Центром Мятрическое Открытый шар ГДО, х-2. противоречие шар правиомериалка Свойства Замкнутый"
MatAn-Feb12-12,"2 . открытое И 2. Пусть Пусть открытых Нае И открытых Х шар- Вр(а)С С И Эла некоторого Ми-во, если Ин- открытое Ик открытое Их открытые Д-во: 1 открытое кол-ва Открытые ВНа) СИ Их Вр(а)СИ, открытые ми-ва 4. Ми-во найдется Ми-во любого конечного З. Их Возьмем объединение Возьмем Очевидио Пересечение Открытый ХШ-во АЕИ - ае числа открытое З. 2 . -) Найдется Теорема Ин-отк"
MatAn-Feb12-13,Возьмем Существенное положим Возьмем Ип проверим Замечание Проверим В 3 4. Вр не является Ряд В
MatAn-Feb19-01,"Откр. Вну Свойства внутренние Содержащихся метрическое ир-во, А. ВНа) -откр ми-во ми-ва объединение внутренности т.2. аЕС объединения Метрическое в А которого Ти Е -) Эгго ир-во среди ми-в из внутренние точка мм-ва утствует Опр точки ми-ва А- внутренняя открытых мм-в, ми-в из А Замечание: О Возьмем Ае тр () Д"" Пусть Д-во: ТпА, А -виутре среди прис А, если мм-ва ми-во А найдется стренность А, Обозначение"
MatAn-Feb19-02,"ТиЕВ АСВ профессор Д-во: Е -)"" А - Д-во: Если мм-в -) и для В ГиА вид лиц-во Замкнутое Придумать дополнение которого Опр открыто мм-во Тив А -объедин - Мн-во, открытое крытое лм -во Н. стремише -), рытое - откр (А ИВ) А-открытое им открытых ГИЧА -открытое Упр.1) 2) пример, Гив АА -Замкиуто"
MatAn-Feb19-03,"Замкнутое кошшо 40 путе мм -во Замкнутое ми-во Замкнутых ми-в) Предположим Замкиутых замкнутые роверим объединение -о ПКРытое Возьмем Пересечение 2 -открытое 4. За ми-в - Замкнутое Противоречие Замкнутых числа ,что -открытое (свойства Замкнутое любого кол-ва За Открытые замкнутый шар мм-в-Замкнутое хф Вр Теорема ми-ва 2. яш-в- открытые противное ГЭС, -Замкнутое Имкнутые"
MatAn-Feb19-04,"6-открытое, с всех 7 содержив Ми-во , ф "" Пусть -открытое этих -Замкнутое пересеч 1. СЕАДА Миожество замкнутых некоторое пересечение Содержащих мм -во Свобиге Замкнутое Обозначение Свойства Опр. 2. СЕА -Замкнутое (СЕА -) ХФСЕН мкнутое Теорема СЕА Гн ""Э"" Пусть хе 2. СЕА-1 Замыкания СЕА -) Замкнутое содержащее А. С Э СЕА (ХХА) Х 16 -Замкнутое Гн А Замыкание Замкну Е, где Р В. А-Замкнутое А -"
MatAn-Feb19-05,"4. (Х1в)-) Х1 сев может мм-в Тив Д- ть, что В -д какое наибольшее Ги ЕСЕА, УПЕСХ 1А) Д СЕ (А О ГнЕ(ХВ) кришер, Тич 2. придумать кол-во какое Св может на учиться? ССА когда С СЕ В различных Ширишер, когда Упр Д-во: АСВ - - . СЕА, ГиЕА, СЕ"
MatAn-Feb19-06,"Х Е А АЛЯ любого ХЕ СЕА газ Д-во: ХЕСЕА Ф АД А Вг(х) 7 Ф Иа Теорема радиуса предельных точка А , Опр. центрам - Х 1 любого 1.0 в (-) а Окрестность любой Содержатся окр-ти Тив Проколотая Тив Обозначение точки ми-ва А. Обозначение проколотой шарик 7 Б Их Л А 7 Е ЭЛЯ ДА окрть (0) содержатся если в Предельная А-СЕА Е) Ф А С В Д-во "". А-Замка ) Мн-ва"
MatAn-Feb19-07,"7ф предположим же (АОВ) и 6 -) -) хев Вз (х) Надо д-ть, что хеВ пересекается с В Вообще людей (АиВ)-А иВ"" Г , Возьми х 4. им, что ХФА!"
MatAn-Feb19-08,"назовам В (х) содержится окр-ти В больших по строго убывает ХНСА отличаются на один беском кол-во . . назовел ее Х1 (мм-ва А, т.г. строго последоват точки отличаются Следствие условия А, очевидно Следующие Теорема равиосильных беской кол-во при убывает последовать худ. содержится их А, 1 -)4 4 Конечное , ХпСА, т.г. Имеет нед: З. В (х) Рассм существ точее из Д. Севиадают ) т ж из А, Состоит из Существо пазовем"
MatAn-Feb19-09,"открыто Открыто открытое в Тогда Теорема открытое Д-во: 1. -)"" А Кэс -тачой радиус, в ир-ве и подир-ве) метрич Возьмем И. А - открыто кр-во метрическое (Х, Ф) (Х,5)- лейтриг. 2. А -Замкнуто подир-ве) Замкнутое в"
MatAn-Feb19-10,"мм-вах в КПИРЭ Тогда ве и подир-ве) Теорема А-Замкиуто Замкнутое в 2. А -Замкиуто А. А - открыто (0, 1) - открыто открытое (об открытых года. 4-метриг. пр-во С- 6-07Крыто (1) Существо ир-во Примеры Замкнутое в У 10, 1) открытое"
MatAn-Feb19-11,"Их Опр. Х- И д Примеры векторное А Укр. Р ир-во р 2 1 1х1 -норма 11 х11 НХЕРК (нер-во 111 - норма З. Кер-во Мииховского жевского Уир проверить Нх, УЕХ мугольиика) Св-вс 1-3. 4 Ихту11Е Их1-НУИ кер-во Юхе 1. кер-во Д -это Х, если УжЕХ НХЕ"
MatAn-Feb19-12,"Примеры 2х, у ир- Уг- т ХАУА ТХА УА )- (У,х) Скалярное векторное 8(х) Ях) Ах произведение, На ЕР во ир-во Нху Е Х ее, если АхеХ Окр. Нх, уе Х"
MatAn-Feb19-13,"(А) 1. Нер-во Свойства Буияковского дискримиаит Коши- квадратный ГДХ, хх) осталось КБШ трех Х-4 ЧУ, Ухэн ЕСУ,У) - -норма Д -во: Нер- э) корня имеет не более Д-во: Д д больше одного корня трехчлен после Сокращения Нер-во А. -к"
MatAn-Feb19-14,"Ч Их-УИ-Н ИУН во Д Их-УМ- Д-ть, что норма некоторым ская . Д-во: надо УИ порожЕдается Упр Д-76, что норма Й Нер- НхуеХ метрика в Х произведением норма Е)"
MatAn-Feb26-01,"Д-во: вет равносильных Единственность пределов содержится Свойства предел послед, пр-ве полученной число 1. Определения любого шара С исследовать Вне Теорема лишь 82. центром веш 1. раве и членов метрич перемешивания кошшое метрит. Предел предела пр- шара С та еже Эти Т.е. если"
MatAn-Feb26-02,"иредея, содержится вет иодиоСпед. членов, -ограничениое перестановкой Каком-то шаре предел ее послед"", имеет стремится к А Яш-во, получения то ма ограничеис Д-во: ОСЦ -а, вот Шело челов последних кочешое К.:-тахбу 6. Каком-то (хц,а),4 0 Если последовать 4. З. бхи в 5. Уч Хет хц -а также Вне 9. Если вт 10 . Если в т также равеи 4 Если Яз(а) Кочягиое"
MatAn-Feb26-03,"пределами ЕХ , огранич. 1. Отт 3. вот об действиях арифм 4. Х -норм пр-во, Д-60: 1. 1 Стт И - И 2(0, 0)- 11АИ Яйт хи -а та графи действиях более Тогда ИУиИ-Н АИ М Уп-6И Совот Их11-11а11 произв Л., МЕД Теорема пр-ве богранич. нормир: скалярное произв л"
MatAn-Feb26-04,"если Хи Ойт хл Со1) В РФ -0 покоорд исследовательность Совиадают (Хп ,Хщ)Е Сх-ть и СХ-То Хп(б)-А хп) сх-ся к а, Ейт Е 1Хц""-а А. Х. А. Опр Ойт Хук) Теорема Покоординатная нокоорд. покоордииатио норме (а) Опр Фуидамеитальная"
MatAn-Feb26-05,"Фуидам Вохьмем и последовать 6граничена Возьмем Свойства 1. последоват З. З. Лусть а) Е НТЭМ (хш, а)ЕЕ последоват есть Зафикс. Если у 2. Отху-а -), воспед фуидам -) 8 Нм, п 3х1 подпослед, Фундаментальиа Сходящаяся Апгл"
MatAn-Feb26-06,"исследоват НТ, п ЗЛУ если ГКФ - полное норме ве т (к)- Хт РА - Ш словая ИХи-Хш 11 Е полным, в О покоордииатив СЛ-но, предела РВ, д иноетел 2-метрическое Д не полное Д-во: С1-но, Шеловая последняя НЕго Аск): но не имеет Любая фуидам ир-во ир-во Фуидамеитальис ир-во последоват иноет Фуидам Оло Пример Пусть Теорема Фуидам . называется Пример"
MatAn-Feb26-07,"найдется пре -) Уи и вЕХ в Гу нее есть -)"" г) у м-ва Уг-ае (4,8) -полное точку в мм-ва найдется УпЕХ, имеет в Ч метрическое ( -) неделс Уп-Фуидам -полиое иред Замкнуто Д-60 У фуидам Замечание Возьми фуидам послед У -замкнуто идея точка Фуидам определ в . в Х дельная"
MatAn-Feb26-08,"Компактность выкинули покрытие покрытием подпокрытие (комиактное какого-то Ям-ва А. Опр покрытия К Ми-Ми покрытия, Опр любого покрытие Открытыми К -компакт открытыми извлечь покрытие - ножио мм-во) ми-ни Открытое Компакт подиокрытие если из какое-то кол-во А из покрытия рытие если Оир 8 3 А, В. осталось мм-в извлечь коночное конечное Оир. А, Вл. кол-во"
MatAn-Feb26-09,"выбрать иодиокр. СХ, 5) Теорема Замкнутое Д-во в СУ, Ф) К-компакт в ное иодиокр. в СК, Д) шетриг пр-во компакт 6 (Х,5) ограничено компактов. подми-во (Х,5)- х. -) К свойствах Моисио Ц -открыты Открытые в 2. К К-компакт в (У Откр. покр. в (Х,5) -) З. (Е) К-кошиакт выбрать кошшое тогда ЭС, выбрать Можно вы Комиакта- компа кошшое компакт"
MatAn-Feb26-10,"(х) - Открытое Кошчиое откр. покрытие и покажем, что Возьмем АЕХ К Возьмем по граничено покрытие подми-во Замкнутое Покажем К-компакт Выберем Выбергм кошшое рассм открыто НАСХ 1К ф подиокр. комиакта- кошжое Выберем для некоторого Вгг.(а) П В АЕК Замкнутость. Возьми компакт покрытие Надо подиокр. ограничено Д-во: 2. хск Возьмен Ограниченность"
MatAn-Feb26-11,"компакт открытое можно Рассм кош шое - Компакт В -Замкнуто подиокр. Комиакта- покажим Замкнутое Из-открытые Ег-юму З., покрытие компакт покрытие можно выделить Д-во выделить К.- Комиакт подшиво ВС ИИ -) -открытое -открытое"
MatAn-Feb26-12,"Кхо комиакты (ТК-7 Ф. Кл Предположим, что Это Откр покрытие пересечение неиз стье К.- семейство компактов в Компакт Х 1К) кол-ва неиустой и Кочягое Кл любого неиусто. Д-во: 0-во : Зафикс Тогда противоречие А НХ, Следствие иодиокр. -ф Выберем Коче ф Теорема Тогда"
MatAn-Feb26-13,"коняшое нельзя пред. точку компакта имеет Замкнут какой-то точке из точек СХ из любой Замкнуто Предположим, покрытие выбрать Секв. компакт Замки покрытия Рассм. метрическое ид-во Противоречие можно подш-во Комиактиве, открытое выкинуть подиоспловат Возьмем Вся кое Жельзя А С В Д А-Комиакт и оследоват Точек лм-ва К пред подш-во из этого беской подШи-во Замечание Теорема Д-во: К- имеет выбрать ф из этого покрытия Ез СХ, 5) - Рассм. открытое Найдется предельися , СХ-ся к Оир. Д-во: К-компакт, К - секвециально бесконечное подпокрытие"
MatAn-Feb26-14,"подиосуд. выбрать иодиоспед повторяется Уп СД секвеиц Компактиоство бескои. Шло Возьмем Фуидам предельная послед переставим Компактиость различные ГДС-4а, ТО получим Слядствие замкнуто поднося члены исслед. Уч -а- Д -) в ней Н точка Д н- 1х1 можно точка какой-то теор. у (Секв. компакт Если Те члены иослед. К хи 3 К - Комиакт полное найдутся последовать член коспидовать Если Т-Компакт, Секв. комиакт есть предел пред. раз Теорема"
MatAn-Feb26-15,"Е.-Кошшая Его метрическое ир-во ограничено Опр Е-сеть конечная Опр УЕЕЕ, Е-сеть , если яи -во Е) -кошшое Оир. А- Здесь ССЕ Здесь написано, что 4 Е-Сеть, то есть конечная дая А. Замечание вполне"
MatAn-Jan22-01,"Опр. (Квази)площади Е:- тах2-5, оз Т Рк-прямоу Т площадь Опр. Теорема г. в - квазиплощадь Свойства 1. лежащие правее С в Е иряноуг. подгра"
MatAn-Jan22-02,"Д-во: Сэо Определенный Ах Е. зафикс квазиплощадь Противоречие Свойства Из СТа,в за интеграя Опр. Пусть противного Д-во: От Е 8(7)2 . 6- 4."
MatAn-Jan22-03,"Следствие интеграла) (аддитивность интеграла Св Тогда Обозначение: Д-во: Тогда Ян Дво: индукция по Теорема ЕССТа,в, Рд СЕ) - 8, 3. Свойства подграфик дэо над ЕС Га,61"
MatAn-Jan22-04,"Ноиот д Теорема 1. 2 . Тогда нолот интеграла Эля двух двух постоянных Ф-й и Е (моиотоичость интеграла) Следствия,"
MatAn-Jan22-05,"среднем пределом Е ССа,в 7 Оир Замечание. Интеграл пределом СЕСТа,67 тогда Опр. переменным существ переменным Среднее нижним Замечание Интеграл верхним возьмем отрезок в качестве с в аббативно стал возьмем эту 5 5 Ф(а)-0 ми-во значение Фи СЕГУ, ч. Значений Окр где хега,в) Ф-и Е а отрезке Теорема о"
MatAn-Jan22-06,"нужно Сл-но, смотреть Следствия 1.1 2. Если Д-во: Возьмем С Возьмем последоват Ф - (склдств.) (Барроу) первообразная, Возьмем Барроу Теорема Ф-и С Ровшо так же Ф -первообразная среднем пусть хсу но теор. о (Барроц) Док-во: Надо"
MatAn-Jan22-07,"Св интеграла) е подстановка Г-первообразная первообр Барроу) Бразная (формула Теорема Теорема Ньютона-д Обозначение ЕССГа,в? Док-во: Пу образиая Стен Сх-Урд (Линейность Ньютона-Лейбница Х, ВЕК (теор для некоторой Док-во: перва -) (в"
MatAn-Jan22-08,"от первообр. Эля Р,9е (С,А) Определенном е(р) И-Н -А Тогда -первообр по частям Тогда Соглашение (Замеиа А(х) Ах Теорема Теорема (формула Если Аэв, то Док-во: Пусть интегрирования Г-первообр. Св ЕСКа,в), ЧЕСКС, а интеграле) ГМУ-ИИ перемешиой первообр. Элят ил"
MatAn-Jan22-09,"Пояснение Ши-3 интегрирования по частям Приложение 5""2 Ах формулы Мгч Ах 8 4. Ах -"
MatAn-Jan22-10,С2М-11)! Игн-1 Игр К-Ю Ах (2п)Т Игр Игп-72 Валлиса (2п)! Формула (2п-1)1 Док-во 2 Сет
MatAn-Jan29-01,(2011) (гп-1)1 (2011). Валлис Следствие 0 5 Ойт Валлиса Формула
MatAn-Jan29-02,с остатком С (п-н) 5 (ЧАН Тогда (п-2) Переход интегральной форме Индукция Док-во: Индукция Ньютон-Лейбняц Тейлора Формула (ЕАН (х-хо) -4
MatAn-Jan29-03,"СО5Х 01х ОАН; Е СНГ, Ах Пример х) собх Ах 2 . Свойства 1. 04 Если Сэо ,то Сохох"
MatAn-Jan29-04,"Ламберта Противоречие Существует КОЭФФициентами, Целым Шслам целыми иррациональных целый многочин Р; Ну-2 Пусть Числа Георгма является р-де"
MatAn-Jan29-05,"на К неирерывных (ААХ-СОДУ) с (Х-У) на Е., если бюне подходит непрерывность равномерно на Р неирерывной равномерно гто никакая является Рассм. Х и х-б Е-1 и покажем, равномерно Возьмем мм -ва Е. Примеры Равномерная Я Нуе всех точках Оир неиревиости равном Замечание СЕЕЕ непрерывиа Опр"
MatAn-Jan29-06,",т.г. Х1-У1 в () больших к Айт Ук -Йшх что Никакое По построению Нх-с1 на Га,в1 ДЕ последоват вот Е С неигрерывиа 1Хик -Л из Хи Сходящуюся Хи,УпЕГа, в при бчо не подходит найдутся Функция Е Возьми непрерывиа на Га, в больших к 1Уик-А предположим Выберем подпоследоват Противоречие Хг)УзЕГа,в7 Х1, У1еГа,в вот Уч при найдутся найдутся равномерно Теорема Кантора сета, в м (Абх.)-НУ)(ЭЕ подходит -)"
MatAn-Jan29-07,"правилом непрер бо не подходит, то не поняли Замечание равномерно Важно, что подходит Поймен, нет (если какое-то неирерывиа Никакое полуинтервал на луг отрезок Е-1 Возьмем Со, 17 ЮЖе шельзя также не подходят) (если Замешить имеиио -) Отрезок нельзя"
MatAn-Jan29-08,"5, Модуль при 8 20 К КОист. М, то НХ)-Е(У)КЕ Дэк-во: -)"" бирб бирб Определена равном непрерыве НхуеЕ Функции Свойства Опр возрастает З. Шс Если Е нестрого непрерывности Нейрер равномерно неирерьевио Д-во: Липшицева в 0)"
MatAn-Jan29-09,"Оснащение Вробления Ч дробления оснащение отрезка (разбиение , Дробление Ранг Интегральная Опр - Набор пунктир) (сумма сунна Т -дробление Р. дроб - набор точек большого дробления Ринана) отрезка Да,в 7 отрезка из дробления -Элина"
MatAn-Jan29-10,"(1) С1ч1) 2. ЕСГа,в 1. Тогда Н. раига гб. людей последоват Тогда об Сроблений его осиащения людей последовать 1 .ЕСта,61 ч-дробление интегральных Теорема об Следствия, суммах дробления Ах"
MatAn-Jan29-11,"Интеграл Римашу дробляния его осиащения Римаиа круема по иштеграя, если "", если Е.: Га,в1-эГР Опр Интегри ранга"
MatAn-May14-01,"2. Формупа 2, ехр сходятся Опр. (с2) -нехр(-й 2) функций УжЕ ГР Ух ЕР (АЧ)-ехр-(-йч) ехр(и 2)- Укр. 1. Доказать, 2 ехр Ибн Н 2, иде С ехр Ряды 2 ряд Разложение оказать, Элементарных Занегание 1 Эйлера Тейлора"
MatAn-May14-02,"сходится при эС-1 Следствие. Ачску Д -во : Ряд язык,"
MatAn-May14-03,"Опр. З. хчт факториальная Даламбера Замечание степень ир сходится при .. 1 З. р-н сумма Теорема Д-во: 1. 1х1 1 проверим Проверин, что 2 Если Нисходящая"
MatAn-May14-04,р-- 2 Частный случай ЭС2П1 Частный случай
MatAn-May14-05,Е 1 . многих ЗаДикс Опр. Называется Т жения отображения (11-611) Обозначается Матрицей переменных дифф. однозначно Опр. Оператора Если отображ. Т. Линейное Замечание Матрица (или) Существо цируемые Функции Дифференциал Определено отображение Дифферен Глава Д-во: Зафикс отобра
MatAn-May14-06,Постоянное нейрер. Если 5 Важный гастный 2. Я Лин: отображ т.е. Якоби для вектор У Этому слугай отображ называется дчад Пример С ЭиФА набла Матрича отображение отображ ЭИФФ вектор Ф-и 5 СР Линейное Замечание Существ градиентом
MatAn-May14-07,ЭИФФ. Як норме Функций при п-эо всех ее коорд Надо Запишен матриц Это следует из прависть Следствие градиенты Теорема Эифф коорд Ф-й ЭИФФ До Ек Якоб из равнос покоорд для Соберен ш в покоорд Строки понять зыв координатные Тк - мн. отображ дикатными назыв коор при Л-Эло равнос Запишм р равиосильиа нокоординатного дифф для векторов равенство
MatAn-May14-08,достигается направлению Экстремальное ЭНФФ. в () Следствия 1. 3 Еер свойство векторы Замечание Равенство (- сонашавлены град Коши-Буияк Опр. Теорема Производная по Лиента Тогда Тогда НЕР равенство
MatAn-May14-09,Пример Т. Т. (а) производная частная т.е. Х -параметр
MatAn-May14-10,", т.е. Следствие Тогда дифф. в Д-во: с РК (4): ЭИФФ д(а ) (линейность Теорема ) при дифф: в ()а"
MatAn-May14-11,Теорема Возьмем (диФФ. композиции) 11 НП д(в Е(Д) СЕ Авг КМ дифф. -н Лпов ЛИН. отображ
MatAn-May14-12,Тогда Д-во: Аа просумми руем Теорема Георема Тогда 11 к 1112 ЭиФФ в ()
MatAn-May14-13,произв. Ф-4 8 Теорема все частные А. Тогда 8 2 . Существ. в в Непрерывная С ДиФФерен непрерывных Е. цируемость все
MatAn-May21-01,"Тогда надо кри УПЦ Явк"" т. Лагр. ЭХК Теорема Акт-ЕК при н-эо ранк"
MatAn-May21-02,частных А.: неирер произв л в точке нейрер: при от (0) проходит. И отличной произв Эшфа в 1. Я не нее нет частных иначе если б ДиДО. Замечания дифф существов рацион
MatAn-May21-03,"Теоренси произв Непфер сохраняется непрер Эбкрах; лин комбинации, композиции: непрерывной ская (ек)1 Е произв ""Эифф"" при всех коорд. Ф-й , Теорема"
MatAn-May21-04,бу - Х вмости Всего частных Омэс рассм произв ХУ-2 Если производные 8 3. Частные Обозначения существ порядков Замечание Всего Можно проч произв. порядка произв Пример высших
MatAn-May21-05,"Но Пример (0,0) (х,9)7(0,0)"
MatAn-May21-06,"-- вйти 2. СастМ. произв. при существ: - Е Ч (ХНОп,Е) Теорема (а,Чо) существ"
MatAn-May21-07,"Оидеделены перестановка включительно выполнением Любая Адифф получена если все ее С"" (Д) д-ть теор. для Транспозиций. Д-60: Любая перестановка Существ. достат порядка все ее частные СШ,62, ., и) последовать ТЭР водные Упр. ЭиФФ Теорема Обозначение Поэтому Гху (- гладкая) непрер раз произ"
MatAn-May21-08,"кол-во"" Способов Высота 1-го покрасить КЕРТ мультииндекса д!к"" с кг Шариков Увятов ТКГБ ОРО Коэффициент (мультиномиальный) Шариков цвета К1, (К) Мультииндексы: Шариков Полинониальный"
MatAn-May21-09,де СКД) - Мультииндекс ( рэд) Лемма
MatAn-May21-10,"Тогда Тейлора (а ) по Лемме Стекени Г Опр. существ. Многомерная Тейлора 6-6(0,1), Т-2, в Форме Лаграижа Многочен Формула Тогда , Лаграиха"
MatAn-May21-11,"Осталось в Форме Г"") 5 (АТЕТА-а)) Теймора Многомерная Пеано Формула с остатком"
MatAn-Nov01-01,"Слугай в-0 Теорема при больших Хи- С Его. Шожио считать, Штольца. У и ейт Зафикс ДЭК-во: Ойт возраст строго"
MatAn-Nov01-02,Ейт условию Слугай век по Хи-Хи-1 -С ОСп:-Хи-СУп Рассм я е
MatAn-Nov01-03,"в -4х Хи возр. для всех Си 4-1 (Хи-1-2) Слугай Р-но Слугай больших Упр Ук-Уп-1 Считаем, возрастают при Строго строго"
MatAn-Nov01-04,"Гдем к пределу Теорема Ест строго у при т убывают , к1 Возьмеш Слугай Перей"
MatAn-Nov01-05,"бывающая и ) провер Нужио Ун-Уи-1 л Тогда больших Слугай Хп-Хи-1 (Уп-Уп-1) при всех Хп С штагм, что"
MatAn-Nov01-06,"Теорем бир Т. Существ. предел в ГК Существ Управление Хит2, -- 4 (-60) -- Хит2 убывающая Хит 1 Хп-1, Сет (4 Отт последов Соглашение переходили к вст."
MatAn-Nov01-07,"Пз Они равны Арт частичного Теорема. Слугай предел предела предел предел А:-Ит Хи верхи Равиы Любого верхи граница впайдется 2 Хп, н, Хр А- вт верхи граница Фипп - г) существ Найдется слугае частичный частичный не найдется Дет Д Они не йт ) Частичный"
MatAn-Nov01-08,"Ейт Хи лишьй Слугай 7-п Найдется ДР послед. предел предел Хик-Э в Дпк ушх нет У. -Э. Т. Об. или послед. Нь 2Мил. в-частишой предел Скугай подиосредования Д) ""Частишьи подносят КПц 4-- предел и частишьи ( Тогда у 2п Если (к и огр. сверх у бир имдексов в-част."
MatAn-Nov01-09,. . ( Гет -Кет У Если 2-м милиц пределов все АИМ. ГАСТ ( йш Обу иредея имеют бир подпося предел единств предел ей пл Существ. А. из гастичных
MatAn-Nov01-10,не верхн Теорема ... 7 гр. Дв-Е
MatAn-Nov01-11,1869 -АКЕ Равносильность при Крестности А
MatAn-Nov01-12,Коши проверить Гейне лиш Коши Е 2 0 Возьмем правилосильцы Хотим
MatAn-Nov01-13,Коши Коши Гейня не подходит ХПСЕ Не которого Он последовать противного. Противоречие полушлась Не На в ник Ейтху-а Опр по никакое б 2010 Сек Не подходит подходит Пусть не подходиу
MatAn-Nov01-14,"сверх у убывает предел Кошчичий вори Опр. возрастает Строго Следствие ""ОСп"" и ограничена возрастает р-н, имеет пт 1 1971 строго"
MatAn-Nov01-15,Теорема Берем непрерв в.) в. последоват д Конейрер композиции Гейне роверяем Еспреред. () Д. Нейрер Теорема Сет 5:Д-Э РК непрер Оир по Непре в т опр. Гейр д
MatAn-Nov01-16,"пограни 2.1 при всех к при ПЭЛ Тогда ""ОСу"" бесконечных В гастности, в Если пределов"
MatAn-Nov06-01,"ЗДОВА ЗАОСА 3 с бактор Сжтаен, гто РОВА - Эсенфова Гактор ОВА -х (0) ОСХП равенство Следствие док-ли, Д-во: Теорема равейство только при Х-0 переходим к -х Д -во: При"
MatAn-Nov06-02,"Ф-й в (!) У непрерывны непреры Зианеиан Ког Если 7 0) вйт Знамеисет 2. Г-Е подходит в виы на РК 40,70 Отношение Если Знамеиат. 70, области на своей области на своей (СОДХ-Соду1-2 1х-у Мус Е в оир Юс-укб непрер неидер Непрер. на Р Следствие Теорема Теорема определ"
MatAn-Nov06-03,"Мы наиб. и наименьшего возрастает подойдет Докажем про В найдется ниг. последовать Знаем, Тогда найдется Д-во: достиг. в какой-то Пусть верхняя подиосл Хн частности граница Ахета, в 1 и Ятэн-5 огра во всех ( )) которая Непрерывиа во всех () непрерывиа непрер. в достигает Значений своего для ни-ва ограничена Сб(х): хеГа,633 Теорема построили оград Вейерштрасса Выберем наибольшее последовать Значение Тогда Е (если беД, то Поскольку Рассм Построили огран"
MatAn-Nov06-04,"что б на 2. 5 (9-0) что А во всех С) Ух прихе(0,17 г.: ГО,17-яР Ух Наиб. Знач не Наиб. Я(х)- Ух С Существгии о, Существенно, неидерывиа Замечания отрезке 5:6,13-ЭК достигается"
MatAn-Nov06-05,"Ац-а, 61-а на Г9,в? ве .) п разных Накося(в) -х Аз(948)-0, то с найдено Са,в7 Д 2а,в,Д 2. Е разных зиаков, то Если Газ,6г1-й Значения, ЕСа)СОСН(в, , то найдется Теорема Полугилась Больцано-Коши отрезков принимает стягивающихся Та, в 7 Д то с найдеио последован Непрер. во всех ()"
MatAn-Nov06-06,"Тогда С лежит во всех (-) между некрер точках а в найдется 2. Пусть Э л Замечание Знаков Значения Яс) ЕО принимает По построению разных Важна неирерьевность По теор о Важна стягив отрезках вв.) с Ай-Ат ви-с СЕГа,в ,, тг. 1-1 при хей-1,0) На) ч Нв) Пусть в"
MatAn-Nov06-07,"Нхега,в? образ Значения, непрерывиа Больцано-Коши отрезка По теор. промежутков р, -отрок - Отрезок по теор отрезка -отрезок Теорема найдутся Обозначение между принимает все Непрерывный Вейерштрасса во всех Значения, между р, дега,в!, т-г."
MatAn-Nov06-08,"образ (возможно, Непрерывный Найдется граница -), Нхека,в) Теофема Найдется непрер некоторой Возьмем (-) отрезка не нижняя не верхняя принимается 4-промежуток реба,в) ТР,91 промяжутка - б-к Тогда по (другого в -4(х) в Значение промежуток граница Тогда всех ( вида) т, М. С-) (другого вида Возьмем СЕО во хегав) С ЕСР)С 4Е9)"
MatAn-Nov06-09,Придумайте Придумайте остальные Примеры Упр. примеры Кроме Замягание Запрещ - предыдущей теоремой Любой из случаев
MatAn-Nov06-10,"Функция, если д(Нх))-х 8:29,в)-ЭК Опр. У-5 (х) Нхека,в) обратная инъективна"
MatAn-Nov06-11,"на на ст, МЭ 2. противор, возрастает эчаг при невозм во всех (-) обратная Ях) противного!ПУСК возрастает Непрерывиа непрерывиа на 2 Строго Противоречие Знаем, что Я биекция -) С-1 8:19;в)-Д моиотоипа но Ка,в) и Кт,М), биекция между между строго Возьмем и строго моиотокиа непрерывиа З. Г.- строго Пусть Тогда обратима Теорема Строг. моиот.-) Иинъекция а тогда есть в ней непрерывиа Если"
MatAn-Nov06-12,"обратная тогда Существо возраст Обратные Непрерывиа Непрерывен Ачсъу: САУ и строго трого и строго Существ МачссЕд непрерывей Существо обратная Ф-Я АЧС51) АЧССО5 возрастает Непрерывиа тригойоме обратная Строго Непрерывиа Существо атрические и строго убывает непр Ф-Я Непрерывен обратная убывает Непрерывен убывает Тогда существ строго и и строго б 3. перыва Ф-И строго тогда тогда С05 :Го, П возрастает Элемитарные возрастает убывает Функции"
MatAn-Nov06-13,"-то) т.е. хче-1 строго вйт х-от а ехрв вне всех -ехр Схр(атв) в -) ху-ехрафефь ехр при хэ-1 Х, УЭО вет вих-но Существ строго при Тогда -1-х с.е-1 4 У -ехр. Непрерывен и при пехр: АК Логариом Свойства 1. обратная непрерывиа и Сехр п -ехр. Возрастает возраст"
MatAn-Nov06-14,определ амалогично Дух-О (П-виа) -ехр. Х-ЭО вят ехр При хэо Замечания Теорема Кх-эо Дл СехрСвиа При в-пех в -пер) Это 2 при ехр 1. При при хсо АЭО и век Замечания 1. При : -ехр(в виа)
MatAn-Nov06-15,"рацион гисел, Ят ехр 2. По Гейне Берем ехр ехр стремящаяся к в впоследоват Ейт Следствие 1. вйти Упр. 1. вет -- вйт а -ехр(виа) -А Д-во:1"
MatAn-Nov06-16,"При убывает Показательная Теорема Функция близких к О АЭ1 1-х виа Свойства 1. (вид При и непрерывис непрерывис строго возрастает вет строго 2, При оса-1 Ема Сиа-7-лейа"
MatAn-Nov13-01,"убывает Сехр(-Рви Ойт Теорема строго (1) пехр(рви строго хот ХР р40 При (0, т х) 2:- ехр(р вих) функция ехр Степенная р 20 (рви при Н рЯМ(1-х) возрастает непрерывна При 1-рви(1-х) Д-во - р ви(1-х) (1-х) Р 1-рви(1-х)"
MatAn-Nov13-02,"случае а-пред. 8 -0(д) существ. означает, что при х-эа но если до Сл д Е выбратьянобы, при х-эа Сравнение функций Что пред. Опр на мм-ве Замечание Сл д Если что в-1 при х-эа Замечание НХЕЕ при х-эа кв (х) можно огранич ОЗначает, что при ХЕИАЛЕ б 4."
MatAn-Nov13-03,Транзитивность эквивалентности Свойства 2 . С) С-4 Сид не обращ в О Окр-ти (?) а д л Е д1 до д-ФК отношение где проколотой и ейт д-дг Д-во: семнетрично
MatAn-Nov13-04,"Д-во: Д-во: при х-эа вот при х-эа (7) п вида о(Ед) ограничена в округе , где вош Е л д д"", где вош Окр-ти (-) а"
MatAn-Nov13-05,"(все двух 4. Ачс-д Эквивалентностей вйт огранич. , но 1 если хи-эо огранич. О-Я П Уп-агстухи Сунна Примеры д-н п -0(б) внесто вет 2. Оп(1-х)Их ) при х-эо) огранич н надо понять, что огранич Д-й"
MatAn-Nov13-06,х-эо) 7. Со5 вйт вет умножин на хг (все при х-эо Примеры х-эо 4. Ачсву
MatAn-Nov13-07,"Оир Если инференцируемость произв существ Оир. Е Ф-и б в ()Хэ ируема Т Замечание Существует Дифференциальное р-но 4 0(х-хо) дифференцируемая при Х-эХо Р исчисление вбт и хо ЕХа,в) Каменский КСВ Е (хо) Глава Т 8,1. Д. производная при Обозначается"
MatAn-Nov13-08,"ЭйФФ в () -ЭРК, (х-хо) угае Теорема 2) дифф И в этом случае вет И в этом Скритерий дифференцируемости) Существо След. усяч производная равносильных конечная непрерывна , хоска,в) Существ 4:(а,в)-эК, б.: ка,в)-ж в С)"
MatAn-Nov13-09,имеет црава И Примеры Замечание З. Справа х1 1 1 1 производные произв произв. спева Односторонние Оир. Р
MatAn-Nov13-10,"касательной касательная Опр. вб т уравнение секущей Уравнение Хо Еса, в) 5(и)-Нх6) А Хо - такое положение Устремим Дифференциал И-Хо Е отображ. : РК-эР Касательной диффенциал Ф-й линейпое Ф-и в (-) Ка,в 5-Р Функции предельное отображ Ах 5 Линейпое - что"
MatAn-Nov13-11,"действиях в (0) хо Обратное неверно -то(Х-хь) дифф в Д- 60: Г в нуле, но Ях) -х1 . в (-) - неидерывиа (об Замечание Э Например, Утверждение Теорема Ях) частности с парифметических ЭйФФФ. Ф-ми) б, д:ка,в) нейдер ЭИФФ. Эифф в ("") ЭС Эифф в"
MatAn-Nov13-12,"4 (х) (х-хь) .; .Х(х) Счастифф. в (. неирерьевио Эйфф в () очевидно, (х) в ()Хо Х(х) неиручрывид ЭиФФ в (непрер. в ()ХЭ что очевидно непрер непрер Надо д-ть, что к Знамечатель 7,0 непрер. в С-)Хэ"
MatAn-Nov13-13,"Тогда композиции Теорема о Возьмил непрер. в непрер (0) д(х6) непрер. в ()Хо Док-во: Надо проверить, что Х неирерьевио Эд д дифф. в ()х; Ф нещер в () Надо дифф. бюд ЭИФФ в () где Ч ЭиФФ. в подставим в С-) в С-) Хо Хосс, Е.Ка,ву-ЭК, в () Я(ъ) ЭИФФ д.г.,А)-э29,в) непрер."
MatAn-Nov13-14,"непрер. Тогда Д-во: А. Строго моиотоича и Левая часть 70 Строго Функции дифф в в (-)Хо Элфференц обратной непрер. неидерывиа Теорема непред. поделин моиотоика , Е проверить, ( Следствие ЭИФФ: бака, в)-Д ЭИФФ. Осталось почему б-1 Хоса,в) в С)"
MatAn-Nov20-01,"Обт 6. (соях)-5пх 1. х -рх!1 9. Ема, в 7. (дх. 40. (ачссох) Таблица 12. (ачссед. 41- (ачсед. производных Кит Сбпп"
MatAn-Nov20-02,Док-во: 9. 11. (ачад (ачс-д у) 12. (ачссед. гд
MatAn-Nov20-03,"среднем теоремы переход функции Теоремы - ) касательные С-ЭИФФ. в () Хо Х Ферма Теорема Г.:Ха,в)-ЭК Геометри переход внуве вет Эробь Замечание . Геометриг. смысл пред. до Е2. вдпл горизонтальных В Если"
MatAn-Nov20-04,"(по т Ферма) концы Р, дега,в7, т.г. Замечание Рояля то произв. в Севиали, непрерывиа во всех( ). Теорема найдутся (Кове) Горизоитальис Теометрический смысл точке касательная произв Отрезка Тогда найдется Если Значения С: Га,67-ЭК во всех( ) Зажно, что дифф 9 не конец -постоянная -), , то точке Замечание ЭИФО, на коицах Вейерштрасса отрезка Юхе(а,в) ж ( ) . в Если СС(а,в)"
MatAn-Nov20-05,"Лаграмжа Теорема (Кадгапде) Лагранжа Формула Замечание приращений Неирер на замечание Геометрический подберем теоремы параллельная которой Найдется дифф КОЭФО. хорды При таком Непрерывиа во всех(-): существует д(а)-д(в) а всех Д-во: д. найдется точка, в (Т конечных графика Л хорде, удовл уся И. И. называют Соединяющей коицы удовл. уся теор:Ролля, Га,67-ЭР КоэФо к- угловой , т.2 смысл се(а,в) Ега)-ка -д которой касательидя при Теор. часто"
MatAn-Nov20-06,"дифф на (а,в) (д(а),Е(а) я. усл. Теорема Коши 5-8(в)-кд(в) в которой противном где-то па(а,6) Лаграмжа Замечание 1 К-угловой д(в),5(в)) теор Ролля Замечание дифф. (а,в) Саиспу, Геометрический смысл случае по теоре монеит смысл - Это теория ( При таком Тогда найдется се(а,в), (д(г),5(Т) Теор времени удовл. Хотим найти такое теор. Коши Непрер-на та,67, Ролля"
MatAn-Nov20-07,"и Эслфо. на (а,в) непрерывиа убывает Теоремы Нх, у еСа, в) Следствия Лагранжа Найдется Нещер Д-во:2 Строго Маграижа Р возрастает липыицева Ф-Я Юхе непрер липницей Ахе(аль), Пусть Применим т. то Е Если Е (х)20 М то Е Строго отрезку Гх, УП ОИФФ на (а,в ху. По теории константой для отрезка ДХУЗ К Лаграиха ЗО Юхе(а,в), то (х-у) Эдифф па (а, в)"
MatAn-Nov20-08,"4. п-04 (9,в)-э(Р постоянна (а,в) Строго произв переходу Тогда нестрого положить Ахе Я убывает на -а,в) Эшфо . па(а, в) -ЯР не следует (а, в) возраст Е Ка,в?, вйт некотор Из строгого строго Эифо. возрастает непрер на (а,в) Аналогишо 2. в нерве пред возраст на (9,в) убывает неирер иа нестрого возрастания Пример Замечание."
MatAn-Nov20-09,"Кротивор Га,в 1-эК Хет найдется се д(в) (Дагвоих) Вейерш Ключевой 1Пусть перехве пред перех, найдутся Теорема Дарбу Ферма между произв ЭИФФ во всех (?) точку, где Для определенности р, дета,в 3 По теор. х-ан Ф.-6. Тогда Пусть 5(9)-0 тогда де будем Док-во: разных Зианов и С Надо найти Вейерштрасса считать, что й схугай, Проверим, что Ф Иротивор разных Когда найдется Г.: что Ф лежит по предперех. ве Д"
MatAn-Nov20-10,"Строго молотонна невозможно по Знакопостоянная Проверим, Нхева, в Пусть Следствие между р и 9 есть р и 9, точки точка, в которой Д-во: нашлись что я"" усл Тогда по Тогда 8(9)До по теор Дарбу ЭиФФ. На"
MatAn-Nov20-11,"Ятт д(хи) Достаточно Локитая Этот предел с Ех) О Тогда если ) Яхи) молот то вет Лет 8(хи) - О Этот иредел с помощью Хет молот послед: Е подрйав) Св Жхе(а,6) строго возраст Осталось понять, что Правило теор. Штольца моиотопичность рассм строго Посчитаем (ж) по Гейне последоват нужиа строгая 0: Проверяем нужиа в т строгая Строго"
MatAn-Nov20-12,"в гискителе и отриц стешни Д-во"" вет полушм, что веш-е вч т Лопиталя Аналогишо, другую Лопиталь Примеры вет но ссылаемся па додифф. до Тогда если ЭИФФ Правило другую теор. Штольца"
MatAn-Nov27-01,Лопиталя правилу неирер ехр Пример Яйш хвпх -0 х)-ачс-Ад(агсяпп х) Ойм надо посчитать Ад х)-чу(51пх) по х-ехр (хвих) ве т
MatAn-Nov27-02,"Опр дифф в Если дважды ЭиФФ Г Непрерывиа на -а,в) во всех Хо Хоеса,в) раз дифф в Неирерывшое во всех (-) Опр. 5 ЭиФФ. на гав), если и раз С Эифф в в () Х. окр-ти Производные высших Обозначение Замечание ЯСп-г) Опр С ) хо ЭЦФО. Я все произв ССп) на 40,в) дифф Обозначение порядков производная существ дважды нейрер- Непрерывиа Эифф б З. д(п) Эйфф во всех (1) неирерывных непрер ЭИФО, неирерьевиа"
MatAn-Nov27-03,"но не Функции , лежащие Спэс) лежащие раз не в Сч ЕС (9,в) диф С""-СВ) Обозначение С непрерывные в Сп-1 2 . но не лежащие некрерывиа (12) лежащие в нуле ГЕС гто б:29,в)-Ж Функции Замечание (Ка,в) означает ЭС (9,6) х-2-1 неидерывио Бывают Ф - Эп ЕС"" (В) Ка,в) любое число Ска,в) Э СЧ Е (п.1)"
MatAn-Nov27-04,"д 1 . д (п.-ч) Арифмет индукция :а, в)-эк Переход Теорема Эифф. в (4) Арифметических дифф. в И-ЭИ-1. производными действиях д"" З. Индукция д(п-1) Сп) Индукция по и Переход"
MatAn-Nov27-05,"Теорема об д 5 до Сериаме Хое (9,в) Дон-во: 2 переход Индукция (дифф. в () Арифметических действиях действиях бск) дсп-т) п-ни в Сроизводными"
MatAn-Nov27-06,"5. (Соях х дает 0 Ленма , (4х подстановка Д-во: нулевой Яст) Ст-к) Примеры О если МНК Слугай"
MatAn-Nov27-07,"степени 4 П. т: т! Формула СКА"" точку Хо раскреем Скобки степени НП для многочлена и подставили Тейпора поймен, что Коэфф Т-многочлен стр Ск(х-хо) Д-во: (хо) Т-многочлен Тогда Положим к ПродиФФ равенство Ленне Многочкен Ленма просто Опр. Е п раз Тогда некоторые КОЭФА Тейлора т раз и 2. Пусть дифф. в.) Х. степени п в.)"
MatAn-Nov27-08,"и раз (хо)(х-х))- правилом д"") равенство вот Лемма - вет д"" (х) Формула Лопитая при х-эхо дифф. 1п,х. Нх) дач Тейлора - вет д(п.1) Сет Воспользуемся"
MatAn-Nov27-09,"что д у Е. П., Гто его б п раз Мн-н Тейлора Ф-и Г такой произв д.ст.) Мн-н 8(х) 1 степени Н - Д-во: д. степени - Тп,х. 2 Тейлора степяни Эйфф в Ф-ла Тейлора для Тейлора с остатком Формула Тейлора Замягание 1. Пеано СевиадСмот соотв Тейлора Эск (26) Проверим произв Мн-н Тейлора удовлетв в Форме уся Леммы"
MatAn-Nov27-10,"с тем, что США10: при Х-эхъ 5"" (%) Сет с остатком дифф в (-) Хо. Если степени СП Д-во СССР раз Эйфф в () наим. Ишдексом Пусть Тейлора Следствие противоречие Е и раз Ст -нешлевой р -такой мн-н степени Пеано Форме Формула вл т мн-н"
MatAn-Nov27-11,"между и т.д. д. же между д Оля некоторого с между Г (к) П-41 раз ЭИФФ даже выбору Д-во: Формула Тейлора возьмем ЭИФФ надо некоторого с между хх ЕСа, в Тогда суд между Хо их1, Лаграиха между остатком . С, Хо, и х, д (н. существ д(в) Эс Упт1 по Зафикс х и С, лежащая Форме возьмем такее к"
MatAn-Nov27-12,"Тогда П-1 раз ЭиФФ 2. Если Н. 2. Рп,хоб Г (х) остатком в (П-11)( Ахъ Еса,в) Лаграиха Формула Я:Ка,в)-эРК Следствия между 4 Еса,в) Если . С, Если 18 К. С, лежащая года существ Сп-1 (с) Форме Е. Ега, в), то 1 . Тейлора"
MatAn-Nov27-13,5- (0) -яп Пк эск(о) 1- ехр. но (яхр) -ехр. Элементарных Функций Х2к-1 2011) (2К-1)!! коэфа -это ЭК(б) Тейлора Формулы (везде-о) для
MatAn-Nov27-14,"воспользу отрезке ряда ехр отре сумма Тп(х)Част сунны опр МН-н Тейлора ряда Будем сумма ряда ("" Ехрх ряда Ряды (2 К-1)Т Тогда по -5Ри Х 2к-1 Е ехр в ГИ, СОЗ и Д Егор Х Хк ряда -Яи х Мн-н для рассм. (ехред ехр зок Га,67 Схр Частичная Тип - Хек Тейлора Та, в 7 Нхета,67 сумма"
MatAn-Oct02-01,"Строго возьмен условию Ху-С можно Положим Штольца Теорема возрастает и Зафиксируем Тогда Пусть СЕР, то"
MatAn-Oct02-02,"Теорема Выкинем начал Нагешая с некоторого места Уп Слугай сгитать, что Это Это выполнено всегда Тогда йт строго Штольца Рассм последовать Строго Соозрастают возрастает и Пусть СЛ-но, Тогда если Знаки у некоторого будем веР если Гетто и Ейт Уп-Нь"
MatAn-Oct02-03,Пример надо найти Итт считать Будем вот Отт вйт
MatAn-Oct02-04,"Скугай убывают Штольца слугаи проще строго Сет нужно берем М, начиная аналогично берем 10-хт 1-1Х т 1 его убывает строго посинвольно сеиалогично лишь и Теорема получим проверить Пусть Уп - и Остальные с Астремлин век совисдает Тогда если Хит,- Док-во: Слугай в- тю"
MatAn-Oct02-05,"предел предел Строго Исход ная подиося Опр исследование последовать ., то поднося последовал Если предел АЕР ва 1. АСТР число Свойство 2 Если Вне поднося ИЮДиОСА геры Хте юдиося шодносМедоват КошШое членов Рассм окр-то членов Б) лишь э) едоват возраст ЕСп, Глемов 84. Подпоследовал Пь Хиг, Хиз, Индуку имеет имеет конечное исследоват Подиосло Т. имеющие иодиося тельности Энодиосл. подиослед . 1, индексов Прим Возьмем последовать недовательность Замечание подносл"
MatAn-Oct02-06,"Пусть стягивают противоречие щихся отрезках ровио Георема Проверим, отрезках ваоженных Пусть вг( Гап,в.7 7 Ф П если Это точка С, Сап, вн з Состоит Тогда в п-ап пересечение две точки По теор о А-С-40"
MatAn-Oct02-07,"последов посл . выбрать Теорема можно находится Назовем тот Больцано идедер нижняя Д-во Вейерштрасса граница в атель иости послед отрезок граница верхняя Глецов живающихся (сх-ся - имеет Либо в Гате, в назвввввал ""тот либо отрезок и там) Выбор либо в Тах о членов назовем либо подиоследовал Шало Глемово хвательность Тацв1 ( генной ИЗ Любой Глемов конечный НОСЛ . при беской. Шсло Страсса в - какая-то по граниченной отрезков находится"
MatAn-Oct02-08,"2-х милиц вающихся Еп. Элиу послед 6 трезков. 1 Построение Тогда кол-во большим пгт Назвел Пусть получилась Членов послед шаге Элиу Возьмем на каждом в 2 гленов В отрезке Ил Га1, 61? Казовем Хп., В отрезке Гаг вг? есть глем подиоследоват послед. номером кол-во Глеиов уменьшаем В отрезке и ослед Выбрали бескои. кол-во Назовым его э) Там В номером фаза, т-е подиост ВО36мм какой-то глем посл. с бескои Стяги (пгсп.)"
MatAn-Oct02-09,"тельности поред Тогда 1- Шм в т последовательности . , на - Найдется границ граница Чтобы Иидексы Границ Д-во: Пусть не возраст неогранич выбрать подпослед верхняя различны ограничена найдется последов верхняя переставим иодиося верхняя получил стремящуюся Можно получилось Теорема сверху"
MatAn-Oct02-10,"подпоследовать Свойства 1 последовать возьмем ЗаФикс Фуидамеит Фуидамент (последовал такая Коши Найдется вательность ПЗМ Д-во Пусть Пример: последовать по следоват пограничена Найдется ЕСп, если Сходящаяся последовать М., дамеитальная, Берем два Гаст Опр Едовой Нп; т. предел 1Хп-1 1 предел Сходящ"
MatAn-Oct02-11,"Кочешый иредел последовать Критерий . У уидамент. и Кйт Коши предел поднося, Моспеджват. (пределСД) Рассм Если у по следоват подберем ожидамент св-воз Фундс по До кажем, что Фу найдется Она имеет Св-во 2 ЖКЗ Мг э) Тогда Пр Фуидамеит фундам имеет есть Зафикс сходящаяся а Фундамеит фунде тахЕМ, МЧ такее к Пуст подиося исходиая"
MatAn-Oct09-01,"Теорема Верхний существ возраст. убывающая Эп огр.снизу Сверху, то последовать Соглашение предел - 160 Хитг, - Р Опр. В Ясно, что вйт вйт Ст ю) предел последовательность на если неогр.,то Эп предел последовательности Обозначим предел Считаем, что последовать предел Существуют"
MatAn-Oct09-02,"не верхи. ХК У Хинг, А 6- Гетто Кет- и ИгэПЛ найдется наибо . ( найде м З. А- 1 не Х ХУ г -- . наибольший Последовать Найдется -- Ч наименьший граница верхн Теорема частичный имеет причем Док-во: 1. предел предел Поскольку Частичный граница найдется Айт-Пт Слугай АЕК гастичный верхн. случае граница предел Проверим, Поскольку предел Поскольку"
MatAn-Oct09-03,"подкося Слугай наибольший гастичный неогр. сверху предела предел Последовать Частичного предел Проверим предел гастичный случае пределы Слугае З. предел выберем наименьший случае Гет- (и в этом От-Пт не меньше частичный Док-60:1 любого Теорем Пусть имеет , т.е. последние Если последовать совпадают в- какой-то них одинаковых в ГР имеет предел, то"
MatAn-Oct09-04,"верхи в Замечание т.2. Хи З.Хи,Хит, -- Ч На самом бирж деле Д"" при -А биргх,Ххн) -- У р) больших А Сет бир НИЗМ пЭЛ Док-во: 2 п ЗМ Пойшем НИДЛ П больших А Теорем при"
MatAn-Oct09-05,контр контрпримеры в нерве Теорема Замечание: Фермул Отт Арифм . Если Упр придумать пред. переход примеры
MatAn-Oct09-06,"предел расходя 8 5. би не Ряд называется равен Г Частишая называется Если последовать сходимости ряда Окр вет сходящимся сумма ряда Теорема суммой имеет условие Ряды ряда) существует , если вт б, то кб равен ряда кбы ряд ., если втих Кбил Хи-О (т.е. не 1 со) Ряд называется СХ одится расходящимся (необходимое Док-во: или"
MatAn-Oct09-07,"ряд 1 1 прогрессия расходится Поймем, что расходится ряд ряд Сходится Геометрическая Примеры ряд 1916 1 Гармонический предела Ен Э тъ 1 ."
MatAn-Oct09-08,"Так и 2 вр.Сходятся, Единственность 1 . Част. Част. сумма Сходится ) послед. гаст. сумм 2. Если суммы рядов предел единств. Сходящихся сходятся, Свойства А Ряд Сходится"
MatAn-Oct09-09,сумм а подпослед получились в последнем конечного поднослед. Были ряда суммы гаст.сумм Схедимость предел Расстановка Добавление ( не влияет на выкидывание суммы не меняет гаст. сунны имеет но может влиять на Сунну влиять на а Сунну гаст. Д-во: обак Соотв. выбору выкинули суммы ряде
MatAn-Oct09-10,"зв л яг если Глава в любой 91. Мн-во точек окр-ть точки обозначаем г. интервал гаг произв Ш АН Е) Ям-ва Н. И-х Окрестность Предельные Содержатся Окрес точка проколотой Шиш-ва А. вида И. Г Окр-ти Предел предельная Пример Непрерывные Проколотая вида (А-Е, Функции Функции прош"
MatAn-Oct09-11,"выбрать такая последняя коскед. ее Х2На Р беской. моиот ХМЕЕ, М, В окр-ти магазин уже Возьмем Более ОКР-ТИ существ назовели правиосильных Возьмем Теорема находится Будем такая кол-во тоге, След. у АЕР строить -никано"" 7) Ойшху-а ред. условия, любой Ок найдется послед: строго назовели"
MatAn-Oct09-12,для б бо Для Опр. по Упр некоторого для некоторого означает атб) теорему исследоват пред Оир те Ахев Эббо (был)-А 1 Замегание Замечание. 1) 6-2 3) Гейне. Иа
MatAn-Oct09-13,"существ Рассм предел в йш Ойредея равны. поднося Предел 2.3 оцедел участвует Но послед Значения послед вет надо д-ть ГХи) имеет Рассм. эс. для любой Свойства 1 Д -во: поднося послед начения назовем Опр. по Ф-И, в Пусть в уч -хокальное Галеких не Гейне св-во, т-е. З."
MatAn-Oct16-01,"НхеЕ Противоречие равносильных через Гейне. Возьмем Пусть ЯцеЕ допр. по Гейне Опр. по От найдется хее Найден М От противного аххее взять бэо не Коши-ж предположим, что Обозначим такой Коши Коши -) Коши НСейдется Теорема Возьми Гейне Его точка Е. выберем Никакое Гейне Ойт Хи-а вет и Гейне Д-во: Опр. по жа дЭО из опр.по м такой Опр. по НайЗен М,т.2. Возьмим Еэо Опр. по для него А послед. ХпСЕ Н Ойт Коши а если ПЗЛ) т.е. какое Э(хи)-А. М,т-2. ах и какое ХпСЕ У Опр. по Коши бэо не подходит т.ч. (х-акб."
MatAn-Oct16-02,"пределов Замечание (Анг окр-ть Локальная ограниченность вет Глобальной Единственность 1. З. по Коши предела ограничена. Существо Возьмем Свойства Д-во: точка Е а-пред до для него Если огранич нет А-пред.точка Е. Существо в И ЛЕ Стабилизация Знака ред. 2 . Если для последней такая Тогда если хе имеют , т.е. если ХиСЕ Иа, что Если вып. (0) -) Возьмем значения найдется Е-1 в окр. такая -) Сят его пред. В Знака"
MatAn-Oct16-03,"Если В70,то Ойт проверять Возьмем Будем пределами вйт Гейне Ф-й Теорема Тогда АЕЙаПЕ. Если об а-э Нх) В Ялш х. предельном Се-пред. 4. вт ЕСэ) А действиях переходе для послед поир по Гейне От арифметических Теорема о А Если переходе в нерве"
MatAn-Oct16-04,"номера Опера для вет д(х) -А. вет Теорема двух Еще Проверяем Возьмем Оир по Д-во: д(х)-А Знаем, что И. ОСПЕЕ, т.г. нажиая с какого-то Тогда если вт Оир по Гейне Сет ху- а Тогда Знаем для Функций милиционерах вйт для после"
MatAn-Oct16-05,"для т.2 19-а Коши же о конечен АшЕ(хи) Его и Ойтху-а, то Гейне ГилЕ(хи) Существ. и А-пред. равносильцы 1х-акб. конечный вош Я(хи) Существо Ойт нему по нему Критерий Достат Коши пров 1. Пусть Проверим Функций След уся Возьмем Существ. А ерить, НХуЕЕ МУ-аб Возьмям Его подставил ее Найдется М. х-та Дет испр. по Существ. бэйз опр. по"
MatAn-Oct16-06,"скугает предел в(0) а) (а-ба) Та к Коши Е вС) а х-эа-0 Се-пред. Опр в () а) А А-Яжб,(х) то для ф-4 б-в тж) пред ним (ши),( 7.2 Ойт б-х) если АхеЕ Коши Замечание Замягание (левый выглядит (х-акб. А-правый Если вт точке а слева х-а- предел С) Е1 предел вт данном предел"
MatAn-Oct16-07,"Я(г)эСУ) АСУ) убывает, , если Нх, УСЕЕ возраст Е возрастающая Строго или 5 или -)ЕваКНУ) отвует и (х) существует и Г вет в; т Гет б(х) равен или Если бывает 2. х-ат моиотоииая "", если 7-2 . 5(х) бывает, если строго убывает, моиотоипая, если возрастает, если Я если 5 возрастает, если убывающая Строго строго возраста Жх, УСЕ Нх, УСЕ Его убыва 1 Если Ах, УЕЕ Замечания"
MatAn-Oct16-08,"Конечный 1. граница существ сверху Упр. Рассм Придумать Теорема огранич. оно огранич возрастает и в-зир Аналог. утв для А-пред. снизу, то Су в-Е., т-е Возьмем больший найдется 7) в Мн-ве -) у Положим убывает и Ейт 5(х) К есть эл-т, него есть А-бсха Огранич конечный обозначим его сверху, то 2 Если Е Если б С) Мн-ва и огранич. вт бир Ойт А(х) Е1- ЕЛ(-дь, а) Ш-во Ч в 1 в. качеств Конячмый качеств. Д-во: 1. верхняя Статья (х)Эв-Е."
MatAn-Oct16-09,гарантируют .-о Евустороннего Молот Н 2 Н огранич Замечание Существовал предела вет И х-пч
MatAn-Oct16-10,"али 4. по (2-а) Гейне непрерывна Иа, (: ), если существ . окр-ты вйт УХЕЕ А-не пред Него Иск) 2 по Коши АСЕ является Замечание в т. Непрерывные 8 2 предельной 2 по предельной Коши 3. С окрестн. функции"
MatAn-Oct16-11,"с пределами 4. Если до всех точках х с непрер.ф-ми Являющихся нейрер нейрер Рациональная Если вл. действиях с 4. а -пред. во 2-а непрер. в.) С Многочлены арифметических непрер предельной, то там все непрерывны во Непрер- непрер. в ()А 2. двух многочленов) действиях Непрер и теор. об Следствие 1.1 СериДМ Теорема об непрерывных Примеры (- Отношение"
MatAn-Oct16-12,"А-Ехр Е (ехрх-ехра)-0 1-4 непрерывна эсхра- (1-6) во всех Д-во: 1-4 Е ехра ехрх -ехра Сот Сехр х- ехра Сехр ж -ехр. ехра где ТЕ1-1 1-е ихр Ееехра, 4-я точках Теорема"
MatAn-Oct16-13,"всегда непрер. в Гейне АЕД 2- йт в С) а Ст-е вДум А-пред Тогда Дети теор ),то нейрер- есть нейрер и подставили в теории пред Д-во: Теорема Возьмем Непрер Сет Хп-а вйт нейрер. ) доз Если а-пред. Д-во: ( ), то композиции Следствие ЕСим А. вт д Оир по Тогда если д (Непрерывность Проверим Коир по Гейне непрер. В Если А не"
MatAn-Oct16-14,"Замечание Теорема Пример втт Условие непрерыва нейрер. нельзя что йт Поймем, непрер при х 7 0 Тогда если д д в () внел А-пред существует Условие Заменить на условие Поймем, что нельзя Заменить вот"
MatAn-Sep11-01,"в принципе АСПУ.-веА А 7 Ф пел), НаЕА ОСА. В найдется пех), нату найдется пел), Надо д-ть 7 пел), Для нобого пех), Сев УвеВ Рассм. А. противор. Принцип Архимеда Следствие Проверим противор 7 СЕР натуральное С-УК ПУ 7пел) ААФ поскольку иксируем Д-во: Зафи -) в 2 полноты найдется поскольку Пусть подставим в Архимеда НАЕА и НвеВ найдется Нве В Рассм 7ф"
MatAn-Sep11-02,"Эл-ты Следует, что Ши-во Во Если всех пел Пусть в Л Хин-наиб. Рит 1 это ХК есть наиб. эл-то конечном мн-ве есть наиб. Эл-т База индук Индукционный Пусть это ХК о ХК-наиб Возьмем ми-во математической всяком верны верно верно Рит1 переход Если Элементов Если Хр Д Принцип наибольший и наименьший Теорема Пусть индукции чисел есть В нем что верно утверждений. неиустом о конечном утвержд Рассм. Мн-во Эл-т в индукционн Р1 -верно Лен-ве веществ (очевидно)"
MatAn-Sep11-03,"НаеА у если найдется снизу границами х мн-во А , но для ми-ва А. А. Сследствие крикципа 2. П. подходящие х д ограничено сверх Не границами нижними Все подходящие ограничено УЕ ГК, что Сследствие Опр Ограничен назовел верхними если найдется сверху и Архимеда) снизу 12римеры сверх у ирикуила назовем ограничено ограничено Су, если такое снизу Все"
MatAn-Sep11-04,"втп ЕслиаЕВ АЕА найдется рассм. мм-во неи устоял сверху (наиняивший) На ЕА Чисел ириицина число пел) мн-ве наибольший натуральных В 7 ф то акву Тогда найдется весе А и й Эл-Т. Мн-ве Архимеда Берем ограниченном Пусть Число эл-в (43 ВТФ поскольку С ЕР, наименьшие в СВ найдется поскольку Следствие В ши-ве Д-во Назовели (снизу) :- бае конечное Тогда Во всяком целых В рассм ЕСим АФВ, Возьмем ограничено сверху Тогда с т непустом Теорема всяком Ми-во его У ЕВС чисел"
MatAn-Sep11-05,"Целое не 11) ГЕ (О превосходящее Целая сверху Теорема тогда в часть числа г Он и называется Д найдется ГЕО Киррацион по 1) 2 . Д -во:1) Свойства альтернативное Замечание веществ проверим Возьмем пел, найдется Частью числа обози (св во 1) 2) УЕФ Эл-т. Он и Е Сям наибольший наибольшее :- бае т.г. ХАГУ ограничено найдутся ) целой Опр. число, к"
MatAn-Sep11-06,пел наибольшая из его наименьшая из его Примеры обозначается бир А -1 Опр мм-во границ Обозначается пограниченное Ми-ва А. 4п 3 Спб инфимум Ашш-ва А. Супремуш Мы- во Снизу сверху бир А. непустое непустое супремуш Ограниченное инфимум границ нижних верхних А.
MatAn-Sep11-07,"полноты списку есть найдется то акс НаеА ВНФ Т.К.А. , что Шал есть СЕР, ТО АКС. полноты Сев НвеВ А Тогда Аев Шал непустого, Если к списку У любого для А (или п.2) 7) а в НАСА теоремы любой из Шал принцип Равиосильные для верхних гр Д-во верхних найдется погр.сверху граница В- мн-во его веществ сверху Возьмем Теорема Замечание ограниченного снизу Проверим Архимеда верхн. граница границ. По аксиоме ограниченного мм-ва границ проверить, что Жо С-бир А. 2. У АНФ непустого превосходит по огр сверху любого А добавить супремул инфимум 1. У аксиом Ли-ва надо и в ЕВ НвеВ полноты С- верхняя"
MatAn-Sep11-08,"2. У , Шал 2. Ф 7 В -верхняя А В-огр. сверху ств Д-во непустого веществ. Существуют На е границ йн- а 1. У Тогда Теорем В-верхняя бирА бирА Сбир В Шал есть для Ми-ва Снизу сверху в4-бир В А. любого граница для следует, что ограниченного инфимум Достаточно понять ограниченного В -верхняя Следствие Ми-ва бир граница граница любого супремум"". веществ Шал неиустого сверху снизу мм-ва"
MatAn-Sep11-09,"Нижней А АНЕ я профессора в 7 Н НЕго рм-ва Если х- в Если границей Иш-ва - означает , то О снизу нижняя для Им-ва то бу дем ЖЕго 3 число, большее Что любое а не может ( для ли-ва Обозначения А не явя: огр-сверху (2) Озиачает большее границей погр сверху быть нижней и будем писать А является писать ЕпФ бир Д-во: СД границей Теорема граница ХСА означает, что А а- сп-5 в-Е ЕХ"
MatAn-Sep11-10,"Апесеви . . - Есим НК, пелЛ найдется Упел Упеш СЕР 0 вз 7- - дятся СЕР Нпел Вложенность Вложешность найядятся Упел вложенных т.е. СЕТАп, в. НИЕЛ Отрезках Аи-ви Нпел) НКЕМ Если кэп Д -во СЕР ПО ОКС: полноты отрезков Тогда Теорема 0 Проверим ЧЕ"
MatAn-Sep11-11,"Ены )та ириацииа Теорема 0 Равиосильиа полуимтервалов Архимеда НИИЕАЛ Важио, теор. Аксиоме или шитервалов Г2 -1,414213. . Отрезках неверна Замечания найдется Теорема вложенных 4. по модулю Для Теорема кеверно Упел Тогда неверна , то 4. 2 . Для 1. что это п-, СЕГан, вид отрезки . или полиоты"
MatAn-Sep11-12,"Форнула вещ. Шала если п-печетис Последовательности 2. График Графическое вещественных Предел последовательности последоват: 2 . прямой рекуррентная Способы Глава Задания Операцияни если п-Гетио с в порядке Способы Задашия всех Ап п п п последоват всех 1 . чисел З. Формулы А1, Аз, Аз, б 1. Описание Т. Логическими последов Я М-Э РК представление возраст Явиая Фермула последовательностей М. С. Спг"
MatAn-Sep11-13,"сверху если последовать (снизу Ниелз убывающая последовательность последовательность (нестрого) ограничена, последовательность ограничено Нпелл Онр возрастающая если (сиизу) Т-е. найдется печ.) (нестрого) сверху Убыв ) возрастающая пех) моиотоипа 5. возраст Строго Последовательность ограничена ограничена 1.1 Последов последовательность ательность либо у строго , Сверху А, А Оверху, и снизу Нпел возраст если Оиа о Ап ЕС Стоющая , . , если ,либо СЕР если Ши-во ап3 если она либо 4 убывающая, если"
MatAn-Sep11-14,"вне Хп число Е., исследоват: Г. содержащего поснд в - Ейт Хп . Хн , членов по если вне Ейт Хи, лишь любого Него НЕДо 7 Л Опр исследовательности предел конечное интервала, находится Предел Опр С Количество"
MatAn-Sep18-01,"(Хп-ЕРЕ Что означает конечное Интервалы находится Замечание Ейт Хи, Симметр только симметричные номера некоторого последовательности исследовать содержащего рассм. интервалы Предел начиная если вне х количество число Можно предел лишь любого при которых Опр (Е-Е,С-Е) интервала, условие Ипдексов условие Хиер произв. Его - (фр.) Ихп-ЕГДЕ конечное число о членов поснд в - Ейт Хп (Е-Е, С-1 Е) Хиф произв лишь (Хи-ЧЕ С Опр послед Опр. в- его число в, т.е. вне : Хн, исследоват: Хн Индексов п, Ф."
MatAn-Sep18-02,". 1. Подходит ) (с последовательность Хотим найти М.,72. НпЗл Ойт Хп-С Стациоиарная последовать проверим И-1 1Е полк Подходит ЛГ-ГЕР-1 Примеры предела имеет"
MatAn-Sep18-03,"Хи-а и Ейт на п Перестановка предела единственный последоват предел вне какого-то из Местами Шало членов с кванторами интервалы вакинули Свойства последовать Противоречие равен определения Д-ть единственность предел рассм. новой бескошчиое какое-то кол-во последовать осплавательности помощью 1 . Если вы членов коя-во, То противн но каждый Ч Интервалов. что осталось Вне каждого в лишь на предел Упр. членов не влияет интервалов редел лежит -д-та Ойт Т.е. если 2. Д-16 З. Ху-С и из С из этих конечное"
MatAn-Sep18-04,"равен Д-во: 4. вне него Вернем Пусть предела в, то у Если предел бы последовательности не от этого не Пусть он и на лишь предел Д-во : размножить к он не появится не было, Рассм. Если равен в. 6. вет изменится предел он тоже С. исходную От противного От он появился, что она ограничена 5. Доб верхи гран. предел тахбе последа интервал исследован исходную последнюю Кратиостыь) появится по св-ву 3 ее влияет имеет Павление тчиска членов новой послед: (С кошчмой Кратиостын Конечного ограничен последовать предел, предел о последовательность Если Противоречие равен в. Если"
MatAn-Sep18-05,"1Уп-вК КЕ Пусть Ойт вет Лз Эда найдется М-тах схемме Пусть и в на Ойт Предпо противного тогда 7. Возьмем противоречит переход Замечания Лемма Оложим И уся. ХиСУи Пусть 1. неравенстве ЕМ1, МгУ больших п. такое М, Предельный Ойт Уп и 3М2 -) при 1Уп-в КЕ вке НИЗЛУ 1Уи-ВЕЕ и Уи-вКЕ вет условию номер Выполнения Возьмем Достаточно Найден при ИЗЛ) Ихм-аке -), аДв."
MatAn-Sep18-06,"Знака. вет Свойство Свойства. 8 Следствие имеют тот же 2. Хи-Сто Пусть не обя, Хи-в, то вет Возьмем вета,67 Строгое 2. Если 1. Есхи ге при Низл Я св-вом члены последней Зательио вет Тхи-И-Е З. Если означает, ГЧ Пусть неравенство пользуемся СтабилиЗация -е сохраняется Ойтхи-а Ойт ) Знак Д-во: Га,67 и"
MatAn-Sep18-07,"двух вет Ху-С Отт Уи-От Сейт уп-е. М,т.г. вош при з Хи супс 2 Эп С-4Е (Ги-в)Е Эи-С по лемне вйт Если ИХц-ИСЕ Хи-Ит Нпел) Возьмем выполнения Ди САЕ Себт Уи-От Следствие больших Милиц Если для иер-ва при при Замечание Д-во: найдется при ПЭЛУ Теорема о при п злУ милиционерах при ПЗЛУ Достаточно Обт т-е.1Уч-еКЕ"
MatAn-Sep18-08,"Его верхних граф А-наим. из 6) Ч такой 3. -)"" имеет чего есть 5ир. Я З. предел Ограничена возраст , К"" есяч эху последнее Абывающая 7) при по Зафиксируем последоват имеет границ пусть имеет найдется послед что Атхи-бир возрасте сверху без проиотоимости , Возрастающая Д-во: 1. послед индекс верхняя ограниченная Моиотоииая имеет Теорема граница предел предел поскольку Апеал обозначим его Ф. снизу послед (св-во праническая сверху Ограничено -) йтх.-а. 2. У Проверим Убывает А-бир Ехл"
MatAn-Sep18-09,Возьмем Д-во Апел верхн. .-б М. программ г: последоват Сет гранич М огранич Теорема Тогда при ХпУп-б М. Уп- огранич Последовать бескошечно Опр. рани Ат Хи-О Ойш хи Уи-О Пусть малая (Хи Упр. последовать б.М. и от Найдется ХиУт-б. М. Поскольку Пример: Произведение
MatAn-Sep18-10,последоват. И Осталось Об 2. Ойт гастности 4. возьмен вйт Отт Его и Теорема 2. вйти Если Уп70 Зафиксируем гариЕгметических Ойт Тогда 1. вет Упел Д -во: 1. действиях Пусть Наук)-О т ав пределами вт Низл (Уч-в) - боМ. Уи-огранич . - ав
MatAn-Sep18-11,"найдется Н. вепл Возьмем Достатошо расшифровка ТУи1:161 о двух нилиц (1Хив вот найдется пел 4. Если Уп Тогда Л1, э-то, что Гето"
